"category","type","original_relative_path","published_relative_path","suggested_display_name","source_commit"
"HR人力资源","workflow-document","HR人力资源\change-management_SKILL.md","content\HR人力资源\change-management_SKILL.md","HR人力资源｜change management","f21ece0626345907ba25d2760cab52dc200b00f7"
"HR人力资源","workflow-document","HR人力资源\chro-advisor_SKILL.md","content\HR人力资源\chro-advisor_SKILL.md","HR人力资源｜chro advisor","f21ece0626345907ba25d2760cab52dc200b00f7"
"HR人力资源","workflow-document","HR人力资源\culture-architect_SKILL.md","content\HR人力资源\culture-architect_SKILL.md","HR人力资源｜culture architect","f21ece0626345907ba25d2760cab52dc200b00f7"
"HR人力资源","workflow-document","HR人力资源\HR系统集成\rippling_SKILL.md","content\HR人力资源\HR系统集成\rippling_SKILL.md","HR人力资源｜rippling","f21ece0626345907ba25d2760cab52dc200b00f7"
"HR人力资源","workflow-document","HR人力资源\HR系统集成\talenthr_SKILL.md","content\HR人力资源\HR系统集成\talenthr_SKILL.md","HR人力资源｜talenthr","f21ece0626345907ba25d2760cab52dc200b00f7"
"HR人力资源","workflow-document","HR人力资源\HR系统集成\workday_SKILL.md","content\HR人力资源\HR系统集成\workday_SKILL.md","HR人力资源｜workday","f21ece0626345907ba25d2760cab52dc200b00f7"
"HR人力资源","workflow-document","HR人力资源\org-health-diagnostic_SKILL.md","content\HR人力资源\org-health-diagnostic_SKILL.md","HR人力资源｜org health diagnostic","f21ece0626345907ba25d2760cab52dc200b00f7"
"HR人力资源","workflow-document","HR人力资源\简历优化\tailored-resume_SKILL.md","content\HR人力资源\简历优化\tailored-resume_SKILL.md","HR人力资源｜tailored resume","f21ece0626345907ba25d2760cab52dc200b00f7"
"HR人力资源","workflow-document","HR人力资源\人才分析\culture-index_SKILL.md","content\HR人力资源\人才分析\culture-index_SKILL.md","HR人力资源｜culture index","f21ece0626345907ba25d2760cab52dc200b00f7"
"HR人力资源","workflow-document","HR人力资源\人才分析\org-planning_SKILL.md","content\HR人力资源\人才分析\org-planning_SKILL.md","HR人力资源｜org planning","f21ece0626345907ba25d2760cab52dc200b00f7"
"HR人力资源","workflow-document","HR人力资源\人才分析\people-analytics_SKILL.md","content\HR人力资源\人才分析\people-analytics_SKILL.md","HR人力资源｜people analytics","f21ece0626345907ba25d2760cab52dc200b00f7"
"HR人力资源","workflow-document","HR人力资源\人才分析\people-report.md","content\HR人力资源\人才分析\people-report.md","HR人力资源｜people report","f21ece0626345907ba25d2760cab52dc200b00f7"
"HR人力资源","workflow-document","HR人力资源\薪酬与绩效\chro-advisor_SKILL.md","content\HR人力资源\薪酬与绩效\chro-advisor_SKILL.md","HR人力资源｜chro advisor","f21ece0626345907ba25d2760cab52dc200b00f7"
"HR人力资源","workflow-document","HR人力资源\薪酬与绩效\comp-analysis.md","content\HR人力资源\薪酬与绩效\comp-analysis.md","HR人力资源｜comp analysis","f21ece0626345907ba25d2760cab52dc200b00f7"
"HR人力资源","workflow-document","HR人力资源\薪酬与绩效\compensation-benchmarking_SKILL.md","content\HR人力资源\薪酬与绩效\compensation-benchmarking_SKILL.md","HR人力资源｜compensation benchmarking","f21ece0626345907ba25d2760cab52dc200b00f7"
"HR人力资源","workflow-document","HR人力资源\薪酬与绩效\comp-frameworks.md","content\HR人力资源\薪酬与绩效\comp-frameworks.md","HR人力资源｜comp frameworks","f21ece0626345907ba25d2760cab52dc200b00f7"
"HR人力资源","workflow-document","HR人力资源\薪酬与绩效\org-design.md","content\HR人力资源\薪酬与绩效\org-design.md","HR人力资源｜org design","f21ece0626345907ba25d2760cab52dc200b00f7"
"HR人力资源","workflow-document","HR人力资源\薪酬与绩效\people-strategy.md","content\HR人力资源\薪酬与绩效\people-strategy.md","HR人力资源｜people strategy","f21ece0626345907ba25d2760cab52dc200b00f7"
"HR人力资源","workflow-document","HR人力资源\薪酬与绩效\performance-review.md","content\HR人力资源\薪酬与绩效\performance-review.md","HR人力资源｜performance review","f21ece0626345907ba25d2760cab52dc200b00f7"
"HR人力资源","workflow-document","HR人力资源\员工发展与文化\cs-onboard_SKILL.md","content\HR人力资源\员工发展与文化\cs-onboard_SKILL.md","HR人力资源｜cs onboard","f21ece0626345907ba25d2760cab52dc200b00f7"
"HR人力资源","workflow-document","HR人力资源\员工发展与文化\culture-architect_SKILL.md","content\HR人力资源\员工发展与文化\culture-architect_SKILL.md","HR人力资源｜culture architect","f21ece0626345907ba25d2760cab52dc200b00f7"
"HR人力资源","workflow-document","HR人力资源\员工发展与文化\culture-playbook.md","content\HR人力资源\员工发展与文化\culture-playbook.md","HR人力资源｜culture playbook","f21ece0626345907ba25d2760cab52dc200b00f7"
"HR人力资源","workflow-document","HR人力资源\员工发展与文化\employee-handbook_SKILL.md","content\HR人力资源\员工发展与文化\employee-handbook_SKILL.md","HR人力资源｜employee handbook","f21ece0626345907ba25d2760cab52dc200b00f7"
"HR人力资源","workflow-document","HR人力资源\员工发展与文化\policy-lookup.md","content\HR人力资源\员工发展与文化\policy-lookup.md","HR人力资源｜policy lookup","f21ece0626345907ba25d2760cab52dc200b00f7"
"HR人力资源","workflow-document","HR人力资源\招聘与面试\ashby-ats_SKILL.md","content\HR人力资源\招聘与面试\ashby-ats_SKILL.md","HR人力资源｜ashby ats","f21ece0626345907ba25d2760cab52dc200b00f7"
"HR人力资源","workflow-document","HR人力资源\招聘与面试\async-interview_SKILL.md","content\HR人力资源\招聘与面试\async-interview_SKILL.md","HR人力资源｜async interview","f21ece0626345907ba25d2760cab52dc200b00f7"
"HR人力资源","workflow-document","HR人力资源\招聘与面试\bias-mitigation-checklist.md","content\HR人力资源\招聘与面试\bias-mitigation-checklist.md","HR人力资源｜bias mitigation checklist","f21ece0626345907ba25d2760cab52dc200b00f7"
"HR人力资源","workflow-document","HR人力资源\招聘与面试\breezy-hr_SKILL.md","content\HR人力资源\招聘与面试\breezy-hr_SKILL.md","HR人力资源｜breezy hr","f21ece0626345907ba25d2760cab52dc200b00f7"
"HR人力资源","workflow-document","HR人力资源\招聘与面试\competency-matrix-templates.md","content\HR人力资源\招聘与面试\competency-matrix-templates.md","HR人力资源｜competency matrix templates","f21ece0626345907ba25d2760cab52dc200b00f7"
"HR人力资源","workflow-document","HR人力资源\招聘与面试\debrief-facilitation-guide.md","content\HR人力资源\招聘与面试\debrief-facilitation-guide.md","HR人力资源｜debrief facilitation guide","f21ece0626345907ba25d2760cab52dc200b00f7"
"HR人力资源","workflow-document","HR人力资源\招聘与面试\draft-offer.md","content\HR人力资源\招聘与面试\draft-offer.md","HR人力资源｜draft offer","f21ece0626345907ba25d2760cab52dc200b00f7"
"HR人力资源","workflow-document","HR人力资源\招聘与面试\icims_SKILL.md","content\HR人力资源\招聘与面试\icims_SKILL.md","HR人力资源｜icims","f21ece0626345907ba25d2760cab52dc200b00f7"
"HR人力资源","workflow-document","HR人力资源\招聘与面试\interview-prep_SKILL.md","content\HR人力资源\招聘与面试\interview-prep_SKILL.md","HR人力资源｜interview prep","f21ece0626345907ba25d2760cab52dc200b00f7"
"HR人力资源","workflow-document","HR人力资源\招聘与面试\interview-system-designer_SKILL.md","content\HR人力资源\招聘与面试\interview-system-designer_SKILL.md","HR人力资源｜interview system designer","f21ece0626345907ba25d2760cab52dc200b00f7"
"HR人力资源","workflow-document","HR人力资源\招聘与面试\lever-ats_SKILL.md","content\HR人力资源\招聘与面试\lever-ats_SKILL.md","HR人力资源｜lever ats","f21ece0626345907ba25d2760cab52dc200b00f7"
"HR人力资源","workflow-document","HR人力资源\招聘与面试\onboarding.md","content\HR人力资源\招聘与面试\onboarding.md","HR人力资源｜onboarding","f21ece0626345907ba25d2760cab52dc200b00f7"
"HR人力资源","workflow-document","HR人力资源\招聘与面试\recruitee_SKILL.md","content\HR人力资源\招聘与面试\recruitee_SKILL.md","HR人力资源｜recruitee","f21ece0626345907ba25d2760cab52dc200b00f7"
"HR人力资源","workflow-document","HR人力资源\招聘与面试\recruiting-pipeline_SKILL.md","content\HR人力资源\招聘与面试\recruiting-pipeline_SKILL.md","HR人力资源｜recruiting pipeline","f21ece0626345907ba25d2760cab52dc200b00f7"
"HR人力资源","workflow-document","HR人力资源\招聘与面试\smartrecruiters_SKILL.md","content\HR人力资源\招聘与面试\smartrecruiters_SKILL.md","HR人力资源｜smartrecruiters","f21ece0626345907ba25d2760cab52dc200b00f7"
"产品经理","workflow-document","产品经理\产品策略\altitude-horizon-framework_SKILL.md","content\产品经理\产品策略\altitude-horizon-framework_SKILL.md","产品经理｜altitude horizon framework","f21ece0626345907ba25d2760cab52dc200b00f7"
"产品经理","workflow-document","产品经理\产品策略\epic-breakdown-advisor_SKILL.md","content\产品经理\产品策略\epic-breakdown-advisor_SKILL.md","产品经理｜epic breakdown advisor","f21ece0626345907ba25d2760cab52dc200b00f7"
"产品经理","workflow-document","产品经理\产品策略\epic-hypothesis_SKILL.md","content\产品经理\产品策略\epic-hypothesis_SKILL.md","产品经理｜epic hypothesis","f21ece0626345907ba25d2760cab52dc200b00f7"
"产品经理","workflow-document","产品经理\产品策略\opportunity-solution-tree_SKILL.md","content\产品经理\产品策略\opportunity-solution-tree_SKILL.md","产品经理｜opportunity solution tree","f21ece0626345907ba25d2760cab52dc200b00f7"
"产品经理","workflow-document","产品经理\产品策略\prioritization-advisor_SKILL.md","content\产品经理\产品策略\prioritization-advisor_SKILL.md","产品经理｜prioritization advisor","f21ece0626345907ba25d2760cab52dc200b00f7"
"产品经理","workflow-document","产品经理\产品策略\product-strategy-session_SKILL.md","content\产品经理\产品策略\product-strategy-session_SKILL.md","产品经理｜product strategy session","f21ece0626345907ba25d2760cab52dc200b00f7"
"产品经理","workflow-document","产品经理\产品策略\recommendation-canvas_SKILL.md","content\产品经理\产品策略\recommendation-canvas_SKILL.md","产品经理｜recommendation canvas","f21ece0626345907ba25d2760cab52dc200b00f7"
"产品经理","workflow-document","产品经理\产品策略\roadmap-planning_SKILL.md","content\产品经理\产品策略\roadmap-planning_SKILL.md","产品经理｜roadmap planning","f21ece0626345907ba25d2760cab52dc200b00f7"
"产品经理","workflow-document","产品经理\产品策略\storyboard_SKILL.md","content\产品经理\产品策略\storyboard_SKILL.md","产品经理｜storyboard","f21ece0626345907ba25d2760cab52dc200b00f7"
"产品经理","workflow-document","产品经理\产品思维\cross-pollination-engine_SKILL.md","content\产品经理\产品思维\cross-pollination-engine_SKILL.md","产品经理｜cross pollination engine","f21ece0626345907ba25d2760cab52dc200b00f7"
"产品经理","workflow-document","产品经理\产品思维\first-principles-decomposer_SKILL.md","content\产品经理\产品思维\first-principles-decomposer_SKILL.md","产品经理｜first principles decomposer","f21ece0626345907ba25d2760cab52dc200b00f7"
"产品经理","workflow-document","产品经理\产品思维\intent-explorer_SKILL.md","content\产品经理\产品思维\intent-explorer_SKILL.md","产品经理｜intent explorer","f21ece0626345907ba25d2760cab52dc200b00f7"
"产品经理","workflow-document","产品经理\产品思维\inversion-strategist_SKILL.md","content\产品经理\产品思维\inversion-strategist_SKILL.md","产品经理｜inversion strategist","f21ece0626345907ba25d2760cab52dc200b00f7"
"产品经理","workflow-document","产品经理\产品思维\jtbd-analyzer_SKILL.md","content\产品经理\产品思维\jtbd-analyzer_SKILL.md","产品经理｜jtbd analyzer","f21ece0626345907ba25d2760cab52dc200b00f7"
"产品经理","workflow-document","产品经理\产品思维\pre-mortem-analyst_SKILL.md","content\产品经理\产品思维\pre-mortem-analyst_SKILL.md","产品经理｜pre mortem analyst","f21ece0626345907ba25d2760cab52dc200b00f7"
"产品经理","workflow-document","产品经理\日常工作\idea-validator_SKILL.md","content\产品经理\日常工作\idea-validator_SKILL.md","产品经理｜idea validator","f21ece0626345907ba25d2760cab52dc200b00f7"
"产品经理","workflow-document","产品经理\日常工作\linkedin-post-writer_SKILL.md","content\产品经理\日常工作\linkedin-post-writer_SKILL.md","产品经理｜linkedin post writer","f21ece0626345907ba25d2760cab52dc200b00f7"
"产品经理","workflow-document","产品经理\日常工作\product-designer_SKILL.md","content\产品经理\日常工作\product-designer_SKILL.md","产品经理｜product designer","f21ece0626345907ba25d2760cab52dc200b00f7"
"产品经理","workflow-document","产品经理\日常工作\prompt-engineer_SKILL.md","content\产品经理\日常工作\prompt-engineer_SKILL.md","产品经理｜prompt engineer","f21ece0626345907ba25d2760cab52dc200b00f7"
"产品经理","workflow-document","产品经理\日常工作\status-update-writer_SKILL.md","content\产品经理\日常工作\status-update-writer_SKILL.md","产品经理｜status update writer","f21ece0626345907ba25d2760cab52dc200b00f7"
"产品经理","workflow-document","产品经理\市场与定位\acquisition-channel-advisor_SKILL.md","content\产品经理\市场与定位\acquisition-channel-advisor_SKILL.md","产品经理｜acquisition channel advisor","f21ece0626345907ba25d2760cab52dc200b00f7"
"产品经理","workflow-document","产品经理\市场与定位\company-research_SKILL.md","content\产品经理\市场与定位\company-research_SKILL.md","产品经理｜company research","f21ece0626345907ba25d2760cab52dc200b00f7"
"产品经理","workflow-document","产品经理\市场与定位\eol-message_SKILL.md","content\产品经理\市场与定位\eol-message_SKILL.md","产品经理｜eol message","f21ece0626345907ba25d2760cab52dc200b00f7"
"产品经理","workflow-document","产品经理\市场与定位\pestel-analysis_SKILL.md","content\产品经理\市场与定位\pestel-analysis_SKILL.md","产品经理｜pestel analysis","f21ece0626345907ba25d2760cab52dc200b00f7"
"产品经理","workflow-document","产品经理\市场与定位\positioning-statement_SKILL.md","content\产品经理\市场与定位\positioning-statement_SKILL.md","产品经理｜positioning statement","f21ece0626345907ba25d2760cab52dc200b00f7"
"产品经理","workflow-document","产品经理\市场与定位\positioning-workshop_SKILL.md","content\产品经理\市场与定位\positioning-workshop_SKILL.md","产品经理｜positioning workshop","f21ece0626345907ba25d2760cab52dc200b00f7"
"产品经理","workflow-document","产品经理\市场与定位\press-release_SKILL.md","content\产品经理\市场与定位\press-release_SKILL.md","产品经理｜press release","f21ece0626345907ba25d2760cab52dc200b00f7"
"产品经理","workflow-document","产品经理\市场与定位\tam-sam-som-calculator_SKILL.md","content\产品经理\市场与定位\tam-sam-som-calculator_SKILL.md","产品经理｜tam sam som calculator","f21ece0626345907ba25d2760cab52dc200b00f7"
"产品经理","workflow-document","产品经理\数据与财务\business-health-diagnostic_SKILL.md","content\产品经理\数据与财务\business-health-diagnostic_SKILL.md","产品经理｜business health diagnostic","f21ece0626345907ba25d2760cab52dc200b00f7"
"产品经理","workflow-document","产品经理\数据与财务\feature-investment-advisor_SKILL.md","content\产品经理\数据与财务\feature-investment-advisor_SKILL.md","产品经理｜feature investment advisor","f21ece0626345907ba25d2760cab52dc200b00f7"
"产品经理","workflow-document","产品经理\数据与财务\finance-based-pricing-advisor_SKILL.md","content\产品经理\数据与财务\finance-based-pricing-advisor_SKILL.md","产品经理｜finance based pricing advisor","f21ece0626345907ba25d2760cab52dc200b00f7"
"产品经理","workflow-document","产品经理\数据与财务\finance-metrics-quickref_SKILL.md","content\产品经理\数据与财务\finance-metrics-quickref_SKILL.md","产品经理｜finance metrics quickref","f21ece0626345907ba25d2760cab52dc200b00f7"
"产品经理","workflow-document","产品经理\数据与财务\pol-probe_SKILL.md","content\产品经理\数据与财务\pol-probe_SKILL.md","产品经理｜pol probe","f21ece0626345907ba25d2760cab52dc200b00f7"
"产品经理","workflow-document","产品经理\数据与财务\saas-economics-efficiency-metrics_SKILL.md","content\产品经理\数据与财务\saas-economics-efficiency-metrics_SKILL.md","产品经理｜saas economics efficiency metrics","f21ece0626345907ba25d2760cab52dc200b00f7"
"产品经理","workflow-document","产品经理\数据与财务\saas-revenue-growth-metrics_SKILL.md","content\产品经理\数据与财务\saas-revenue-growth-metrics_SKILL.md","产品经理｜saas revenue growth metrics","f21ece0626345907ba25d2760cab52dc200b00f7"
"产品经理","workflow-document","产品经理\需求与文档\lean-ux-canvas_SKILL.md","content\产品经理\需求与文档\lean-ux-canvas_SKILL.md","产品经理｜lean ux canvas","f21ece0626345907ba25d2760cab52dc200b00f7"
"产品经理","workflow-document","产品经理\需求与文档\prd-development_SKILL.md","content\产品经理\需求与文档\prd-development_SKILL.md","产品经理｜prd development","f21ece0626345907ba25d2760cab52dc200b00f7"
"产品经理","workflow-document","产品经理\需求与文档\problem-framing-canvas_SKILL.md","content\产品经理\需求与文档\problem-framing-canvas_SKILL.md","产品经理｜problem framing canvas","f21ece0626345907ba25d2760cab52dc200b00f7"
"产品经理","workflow-document","产品经理\需求与文档\problem-statement_SKILL.md","content\产品经理\需求与文档\problem-statement_SKILL.md","产品经理｜problem statement","f21ece0626345907ba25d2760cab52dc200b00f7"
"产品经理","workflow-document","产品经理\需求与文档\user-story_SKILL.md","content\产品经理\需求与文档\user-story_SKILL.md","产品经理｜user story","f21ece0626345907ba25d2760cab52dc200b00f7"
"产品经理","workflow-document","产品经理\需求与文档\user-story-mapping_SKILL.md","content\产品经理\需求与文档\user-story-mapping_SKILL.md","产品经理｜user story mapping","f21ece0626345907ba25d2760cab52dc200b00f7"
"产品经理","workflow-document","产品经理\需求与文档\user-story-mapping-workshop_SKILL.md","content\产品经理\需求与文档\user-story-mapping-workshop_SKILL.md","产品经理｜user story mapping workshop","f21ece0626345907ba25d2760cab52dc200b00f7"
"产品经理","workflow-document","产品经理\需求与文档\user-story-splitting_SKILL.md","content\产品经理\需求与文档\user-story-splitting_SKILL.md","产品经理｜user story splitting","f21ece0626345907ba25d2760cab52dc200b00f7"
"产品经理","workflow-document","产品经理\用户研究\customer-journey-map_SKILL.md","content\产品经理\用户研究\customer-journey-map_SKILL.md","产品经理｜customer journey map","f21ece0626345907ba25d2760cab52dc200b00f7"
"产品经理","workflow-document","产品经理\用户研究\customer-journey-mapping-workshop_SKILL.md","content\产品经理\用户研究\customer-journey-mapping-workshop_SKILL.md","产品经理｜customer journey mapping workshop","f21ece0626345907ba25d2760cab52dc200b00f7"
"产品经理","workflow-document","产品经理\用户研究\discovery-interview-prep_SKILL.md","content\产品经理\用户研究\discovery-interview-prep_SKILL.md","产品经理｜discovery interview prep","f21ece0626345907ba25d2760cab52dc200b00f7"
"产品经理","workflow-document","产品经理\用户研究\discovery-process_SKILL.md","content\产品经理\用户研究\discovery-process_SKILL.md","产品经理｜discovery process","f21ece0626345907ba25d2760cab52dc200b00f7"
"产品经理","workflow-document","产品经理\用户研究\jobs-to-be-done_SKILL.md","content\产品经理\用户研究\jobs-to-be-done_SKILL.md","产品经理｜jobs to be done","f21ece0626345907ba25d2760cab52dc200b00f7"
"产品经理","workflow-document","产品经理\用户研究\proto-persona_SKILL.md","content\产品经理\用户研究\proto-persona_SKILL.md","产品经理｜proto persona","f21ece0626345907ba25d2760cab52dc200b00f7"
"产品经理","workflow-document","产品经理\职业成长\ai-shaped-readiness-advisor_SKILL.md","content\产品经理\职业成长\ai-shaped-readiness-advisor_SKILL.md","产品经理｜ai shaped readiness advisor","f21ece0626345907ba25d2760cab52dc200b00f7"
"产品经理","workflow-document","产品经理\职业成长\context-engineering-advisor_SKILL.md","content\产品经理\职业成长\context-engineering-advisor_SKILL.md","产品经理｜context engineering advisor","f21ece0626345907ba25d2760cab52dc200b00f7"
"产品经理","workflow-document","产品经理\职业成长\director-readiness-advisor_SKILL.md","content\产品经理\职业成长\director-readiness-advisor_SKILL.md","产品经理｜director readiness advisor","f21ece0626345907ba25d2760cab52dc200b00f7"
"产品经理","workflow-document","产品经理\职业成长\executive-onboarding-playbook_SKILL.md","content\产品经理\职业成长\executive-onboarding-playbook_SKILL.md","产品经理｜executive onboarding playbook","f21ece0626345907ba25d2760cab52dc200b00f7"
"产品经理","workflow-document","产品经理\职业成长\vp-cpo-readiness-advisor_SKILL.md","content\产品经理\职业成长\vp-cpo-readiness-advisor_SKILL.md","产品经理｜vp cpo readiness advisor","f21ece0626345907ba25d2760cab52dc200b00f7"
"产品经理","workflow-document","产品经理\职业成长\workshop-facilitation_SKILL.md","content\产品经理\职业成长\workshop-facilitation_SKILL.md","产品经理｜workshop facilitation","f21ece0626345907ba25d2760cab52dc200b00f7"
"产品经理","workflow-document","产品经理\中文双语\pm-bilingual-zh_SKILL.md","content\产品经理\中文双语\pm-bilingual-zh_SKILL.md","产品经理｜pm bilingual zh","f21ece0626345907ba25d2760cab52dc200b00f7"
"程序员_开发","workflow-document","程序员_开发\code-review_SKILL.md","content\程序员_开发\code-review_SKILL.md","程序员_开发｜code review","f21ece0626345907ba25d2760cab52dc200b00f7"
"程序员_开发","workflow-document","程序员_开发\documentation_SKILL.md","content\程序员_开发\documentation_SKILL.md","程序员_开发｜documentation","f21ece0626345907ba25d2760cab52dc200b00f7"
"程序员_开发","workflow-document","程序员_开发\incident-response_SKILL.md","content\程序员_开发\incident-response_SKILL.md","程序员_开发｜incident response","f21ece0626345907ba25d2760cab52dc200b00f7"
"程序员_开发","workflow-document","程序员_开发\system-design_SKILL.md","content\程序员_开发\system-design_SKILL.md","程序员_开发｜system design","f21ece0626345907ba25d2760cab52dc200b00f7"
"程序员_开发","workflow-document","程序员_开发\tech-debt_SKILL.md","content\程序员_开发\tech-debt_SKILL.md","程序员_开发｜tech debt","f21ece0626345907ba25d2760cab52dc200b00f7"
"程序员_开发","workflow-document","程序员_开发\testing-strategy_SKILL.md","content\程序员_开发\testing-strategy_SKILL.md","程序员_开发｜testing strategy","f21ece0626345907ba25d2760cab52dc200b00f7"
"电商运营","workflow-document","电商运营\app-store-optimization_SKILL.md","content\电商运营\app-store-optimization_SKILL.md","电商运营｜app store optimization","f21ece0626345907ba25d2760cab52dc200b00f7"
"电商运营","workflow-document","电商运营\campaign-analytics_SKILL.md","content\电商运营\campaign-analytics_SKILL.md","电商运营｜campaign analytics","f21ece0626345907ba25d2760cab52dc200b00f7"
"电商运营","workflow-document","电商运营\ecom-data-analyst_culture-index_SKILL.md","content\电商运营\ecom-data-analyst_culture-index_SKILL.md","电商运营｜ecom data analyst culture index","f21ece0626345907ba25d2760cab52dc200b00f7"
"电商运营","workflow-document","电商运营\marketing-demand-acquisition_SKILL.md","content\电商运营\marketing-demand-acquisition_SKILL.md","电商运营｜marketing demand acquisition","f21ece0626345907ba25d2760cab52dc200b00f7"
"电商运营","workflow-document","电商运营\social-media-analyzer_SKILL.md","content\电商运营\social-media-analyzer_SKILL.md","电商运营｜social media analyzer","f21ece0626345907ba25d2760cab52dc200b00f7"
"电商运营","workflow-document","电商运营\supply-chain-risk-auditor_SKILL.md","content\电商运营\supply-chain-risk-auditor_SKILL.md","电商运营｜supply chain risk auditor","f21ece0626345907ba25d2760cab52dc200b00f7"
"电商运营","workflow-document","电商运营\variant-analysis_SKILL.md","content\电商运营\variant-analysis_SKILL.md","电商运营｜variant analysis","f21ece0626345907ba25d2760cab52dc200b00f7"
"图形处理","helper-script","图形处理\diagram-reports-generator\scripts\diagram-report.py","content\图形处理\diagram-reports-generator\scripts\diagram-report.py","图形处理｜diagram report","f21ece0626345907ba25d2760cab52dc200b00f7"
"图形处理","installable-skill-candidate","图形处理\diagram-reports-generator\SKILL.md","content\图形处理\diagram-reports-generator\SKILL.md","图形处理｜SKILL","f21ece0626345907ba25d2760cab52dc200b00f7"
"图形处理","workflow-document","图形处理\excalidraw-diagram-generator\references\element-types.md","content\图形处理\excalidraw-diagram-generator\references\element-types.md","图形处理｜element types","f21ece0626345907ba25d2760cab52dc200b00f7"
"图形处理","workflow-document","图形处理\excalidraw-diagram-generator\references\excalidraw-schema.md","content\图形处理\excalidraw-diagram-generator\references\excalidraw-schema.md","图形处理｜excalidraw schema","f21ece0626345907ba25d2760cab52dc200b00f7"
"图形处理","helper-script","图形处理\excalidraw-diagram-generator\scripts\add-arrow.py","content\图形处理\excalidraw-diagram-generator\scripts\add-arrow.py","图形处理｜add arrow","f21ece0626345907ba25d2760cab52dc200b00f7"
"图形处理","helper-script","图形处理\excalidraw-diagram-generator\scripts\add-icon-to-diagram.py","content\图形处理\excalidraw-diagram-generator\scripts\add-icon-to-diagram.py","图形处理｜add icon to diagram","f21ece0626345907ba25d2760cab52dc200b00f7"
"图形处理","workflow-document","图形处理\excalidraw-diagram-generator\scripts\README.md","content\图形处理\excalidraw-diagram-generator\scripts\README.md","图形处理｜README","f21ece0626345907ba25d2760cab52dc200b00f7"
"图形处理","helper-script","图形处理\excalidraw-diagram-generator\scripts\split-excalidraw-library.py","content\图形处理\excalidraw-diagram-generator\scripts\split-excalidraw-library.py","图形处理｜split excalidraw library","f21ece0626345907ba25d2760cab52dc200b00f7"
"图形处理","installable-skill-candidate","图形处理\excalidraw-diagram-generator\SKILL.md","content\图形处理\excalidraw-diagram-generator\SKILL.md","图形处理｜SKILL","f21ece0626345907ba25d2760cab52dc200b00f7"
"图形处理","other","图形处理\excalidraw-diagram-generator\templates\business-flow-swimlane-template.excalidraw","content\图形处理\excalidraw-diagram-generator\templates\business-flow-swimlane-template.excalidraw","图形处理｜business flow swimlane template","f21ece0626345907ba25d2760cab52dc200b00f7"
"图形处理","other","图形处理\excalidraw-diagram-generator\templates\class-diagram-template.excalidraw","content\图形处理\excalidraw-diagram-generator\templates\class-diagram-template.excalidraw","图形处理｜class diagram template","f21ece0626345907ba25d2760cab52dc200b00f7"
"图形处理","other","图形处理\excalidraw-diagram-generator\templates\data-flow-diagram-template.excalidraw","content\图形处理\excalidraw-diagram-generator\templates\data-flow-diagram-template.excalidraw","图形处理｜data flow diagram template","f21ece0626345907ba25d2760cab52dc200b00f7"
"图形处理","other","图形处理\excalidraw-diagram-generator\templates\er-diagram-template.excalidraw","content\图形处理\excalidraw-diagram-generator\templates\er-diagram-template.excalidraw","图形处理｜er diagram template","f21ece0626345907ba25d2760cab52dc200b00f7"
"图形处理","other","图形处理\excalidraw-diagram-generator\templates\flowchart-template.excalidraw","content\图形处理\excalidraw-diagram-generator\templates\flowchart-template.excalidraw","图形处理｜flowchart template","f21ece0626345907ba25d2760cab52dc200b00f7"
"图形处理","other","图形处理\excalidraw-diagram-generator\templates\mindmap-template.excalidraw","content\图形处理\excalidraw-diagram-generator\templates\mindmap-template.excalidraw","图形处理｜mindmap template","f21ece0626345907ba25d2760cab52dc200b00f7"
"图形处理","other","图形处理\excalidraw-diagram-generator\templates\relationship-template.excalidraw","content\图形处理\excalidraw-diagram-generator\templates\relationship-template.excalidraw","图形处理｜relationship template","f21ece0626345907ba25d2760cab52dc200b00f7"
"图形处理","other","图形处理\excalidraw-diagram-generator\templates\sequence-diagram-template.excalidraw","content\图形处理\excalidraw-diagram-generator\templates\sequence-diagram-template.excalidraw","图形处理｜sequence diagram template","f21ece0626345907ba25d2760cab52dc200b00f7"
"新媒体运营","workflow-document","新媒体运营\brand-guidelines_SKILL.md","content\新媒体运营\brand-guidelines_SKILL.md","新媒体运营｜brand guidelines","f21ece0626345907ba25d2760cab52dc200b00f7"
"新媒体运营","workflow-document","新媒体运营\comment-auto-reply_SKILL.md","content\新媒体运营\comment-auto-reply_SKILL.md","新媒体运营｜comment auto reply","f21ece0626345907ba25d2760cab52dc200b00f7"
"新媒体运营","workflow-document","新媒体运营\content-research-writer_SKILL.md","content\新媒体运营\content-research-writer_SKILL.md","新媒体运营｜content research writer","f21ece0626345907ba25d2760cab52dc200b00f7"
"新媒体运营","workflow-document","新媒体运营\SEO与流量\ai-seo_SKILL.md","content\新媒体运营\SEO与流量\ai-seo_SKILL.md","新媒体运营｜ai seo","f21ece0626345907ba25d2760cab52dc200b00f7"
"新媒体运营","workflow-document","新媒体运营\SEO与流量\competitor-alternatives_SKILL.md","content\新媒体运营\SEO与流量\competitor-alternatives_SKILL.md","新媒体运营｜competitor alternatives","f21ece0626345907ba25d2760cab52dc200b00f7"
"新媒体运营","workflow-document","新媒体运营\SEO与流量\content-gap_SKILL.md","content\新媒体运营\SEO与流量\content-gap_SKILL.md","新媒体运营｜content gap","f21ece0626345907ba25d2760cab52dc200b00f7"
"新媒体运营","workflow-document","新媒体运营\SEO与流量\content-production_SKILL.md","content\新媒体运营\SEO与流量\content-production_SKILL.md","新媒体运营｜content production","f21ece0626345907ba25d2760cab52dc200b00f7"
"新媒体运营","workflow-document","新媒体运营\SEO与流量\content-quality-auditor_SKILL.md","content\新媒体运营\SEO与流量\content-quality-auditor_SKILL.md","新媒体运营｜content quality auditor","f21ece0626345907ba25d2760cab52dc200b00f7"
"新媒体运营","workflow-document","新媒体运营\SEO与流量\content-refresher_SKILL.md","content\新媒体运营\SEO与流量\content-refresher_SKILL.md","新媒体运营｜content refresher","f21ece0626345907ba25d2760cab52dc200b00f7"
"新媒体运营","workflow-document","新媒体运营\SEO与流量\content-strategy_SKILL.md","content\新媒体运营\SEO与流量\content-strategy_SKILL.md","新媒体运营｜content strategy","f21ece0626345907ba25d2760cab52dc200b00f7"
"新媒体运营","workflow-document","新媒体运营\SEO与流量\geo-optimizer_SKILL.md","content\新媒体运营\SEO与流量\geo-optimizer_SKILL.md","新媒体运营｜geo optimizer","f21ece0626345907ba25d2760cab52dc200b00f7"
"新媒体运营","workflow-document","新媒体运营\SEO与流量\keyword-research_SKILL.md","content\新媒体运营\SEO与流量\keyword-research_SKILL.md","新媒体运营｜keyword research","f21ece0626345907ba25d2760cab52dc200b00f7"
"新媒体运营","workflow-document","新媒体运营\SEO与流量\seo-audit_SKILL.md","content\新媒体运营\SEO与流量\seo-audit_SKILL.md","新媒体运营｜seo audit","f21ece0626345907ba25d2760cab52dc200b00f7"
"新媒体运营","workflow-document","新媒体运营\SEO与流量\seo-content-writer_SKILL.md","content\新媒体运营\SEO与流量\seo-content-writer_SKILL.md","新媒体运营｜seo content writer","f21ece0626345907ba25d2760cab52dc200b00f7"
"新媒体运营","workflow-document","新媒体运营\twitter-algorithm-optimizer_SKILL.md","content\新媒体运营\twitter-algorithm-optimizer_SKILL.md","新媒体运营｜twitter algorithm optimizer","f21ece0626345907ba25d2760cab52dc200b00f7"
"新媒体运营","workflow-document","新媒体运营\品牌与策略\brand-guidelines-adv_SKILL.md","content\新媒体运营\品牌与策略\brand-guidelines-adv_SKILL.md","新媒体运营｜brand guidelines adv","f21ece0626345907ba25d2760cab52dc200b00f7"
"新媒体运营","workflow-document","新媒体运营\品牌与策略\campaign-analytics_SKILL.md","content\新媒体运营\品牌与策略\campaign-analytics_SKILL.md","新媒体运营｜campaign analytics","f21ece0626345907ba25d2760cab52dc200b00f7"
"新媒体运营","workflow-document","新媒体运营\品牌与策略\campaign-planning-official_SKILL.md","content\新媒体运营\品牌与策略\campaign-planning-official_SKILL.md","新媒体运营｜campaign planning official","f21ece0626345907ba25d2760cab52dc200b00f7"
"新媒体运营","workflow-document","新媒体运营\品牌与策略\competitive-analysis-official_SKILL.md","content\新媒体运营\品牌与策略\competitive-analysis-official_SKILL.md","新媒体运营｜competitive analysis official","f21ece0626345907ba25d2760cab52dc200b00f7"
"新媒体运营","workflow-document","新媒体运营\品牌与策略\launch-strategy_SKILL.md","content\新媒体运营\品牌与策略\launch-strategy_SKILL.md","新媒体运营｜launch strategy","f21ece0626345907ba25d2760cab52dc200b00f7"
"新媒体运营","workflow-document","新媒体运营\品牌与策略\marketing-ideas_SKILL.md","content\新媒体运营\品牌与策略\marketing-ideas_SKILL.md","新媒体运营｜marketing ideas","f21ece0626345907ba25d2760cab52dc200b00f7"
"新媒体运营","workflow-document","新媒体运营\品牌与策略\pmm-strategy_SKILL.md","content\新媒体运营\品牌与策略\pmm-strategy_SKILL.md","新媒体运营｜pmm strategy","f21ece0626345907ba25d2760cab52dc200b00f7"
"新媒体运营","workflow-document","新媒体运营\品牌与策略\press-release_SKILL.md","content\新媒体运营\品牌与策略\press-release_SKILL.md","新媒体运营｜press release","f21ece0626345907ba25d2760cab52dc200b00f7"
"新媒体运营","workflow-document","新媒体运营\社交媒体内容\linkedin-post_SKILL.md","content\新媒体运营\社交媒体内容\linkedin-post_SKILL.md","新媒体运营｜linkedin post","f21ece0626345907ba25d2760cab52dc200b00f7"
"新媒体运营","workflow-document","新媒体运营\社交媒体内容\market-social-calendar_SKILL.md","content\新媒体运营\社交媒体内容\market-social-calendar_SKILL.md","新媒体运营｜market social calendar","f21ece0626345907ba25d2760cab52dc200b00f7"
"新媒体运营","workflow-document","新媒体运营\社交媒体内容\platforms.md","content\新媒体运营\社交媒体内容\platforms.md","新媒体运营｜platforms","f21ece0626345907ba25d2760cab52dc200b00f7"
"新媒体运营","workflow-document","新媒体运营\社交媒体内容\post-structures.md","content\新媒体运营\社交媒体内容\post-structures.md","新媒体运营｜post structures","f21ece0626345907ba25d2760cab52dc200b00f7"
"新媒体运营","workflow-document","新媒体运营\社交媒体内容\post-templates.md","content\新媒体运营\社交媒体内容\post-templates.md","新媒体运营｜post templates","f21ece0626345907ba25d2760cab52dc200b00f7"
"新媒体运营","workflow-document","新媒体运营\社交媒体内容\social-content_SKILL.md","content\新媒体运营\社交媒体内容\social-content_SKILL.md","新媒体运营｜social content","f21ece0626345907ba25d2760cab52dc200b00f7"
"新媒体运营","workflow-document","新媒体运营\社交媒体内容\social-content-creation_SKILL.md","content\新媒体运营\社交媒体内容\social-content-creation_SKILL.md","新媒体运营｜social content creation","f21ece0626345907ba25d2760cab52dc200b00f7"
"新媒体运营","workflow-document","新媒体运营\社交媒体内容\social-media-analyzer_SKILL.md","content\新媒体运营\社交媒体内容\social-media-analyzer_SKILL.md","新媒体运营｜social media analyzer","f21ece0626345907ba25d2760cab52dc200b00f7"
"新媒体运营","workflow-document","新媒体运营\社交媒体内容\social-media-bio_SKILL.md","content\新媒体运营\社交媒体内容\social-media-bio_SKILL.md","新媒体运营｜social media bio","f21ece0626345907ba25d2760cab52dc200b00f7"
"新媒体运营","workflow-document","新媒体运营\社交媒体内容\social-media-manager_SKILL.md","content\新媒体运营\社交媒体内容\social-media-manager_SKILL.md","新媒体运营｜social media manager","f21ece0626345907ba25d2760cab52dc200b00f7"
"新媒体运营","workflow-document","新媒体运营\社交媒体内容\substack-note_SKILL.md","content\新媒体运营\社交媒体内容\substack-note_SKILL.md","新媒体运营｜substack note","f21ece0626345907ba25d2760cab52dc200b00f7"
"新媒体运营","workflow-document","新媒体运营\社交媒体内容\text-content_SKILL.md","content\新媒体运营\社交媒体内容\text-content_SKILL.md","新媒体运营｜text content","f21ece0626345907ba25d2760cab52dc200b00f7"
"新媒体运营","workflow-document","新媒体运营\社交媒体内容\twitter-thread_SKILL.md","content\新媒体运营\社交媒体内容\twitter-thread_SKILL.md","新媒体运营｜twitter thread","f21ece0626345907ba25d2760cab52dc200b00f7"
"新媒体运营","workflow-document","新媒体运营\社交媒体内容\x-posting_SKILL.md","content\新媒体运营\社交媒体内容\x-posting_SKILL.md","新媒体运营｜x posting","f21ece0626345907ba25d2760cab52dc200b00f7"
"新媒体运营","workflow-document","新媒体运营\视频与播客\podcast-production_SKILL.md","content\新媒体运营\视频与播客\podcast-production_SKILL.md","新媒体运营｜podcast production","f21ece0626345907ba25d2760cab52dc200b00f7"
"新媒体运营","workflow-document","新媒体运营\视频与播客\podcast-to-blog_SKILL.md","content\新媒体运营\视频与播客\podcast-to-blog_SKILL.md","新媒体运营｜podcast to blog","f21ece0626345907ba25d2760cab52dc200b00f7"
"新媒体运营","workflow-document","新媒体运营\视频与播客\short-form-video_SKILL.md","content\新媒体运营\视频与播客\short-form-video_SKILL.md","新媒体运营｜short form video","f21ece0626345907ba25d2760cab52dc200b00f7"
"新媒体运营","workflow-document","新媒体运营\视频与播客\video-caption_SKILL.md","content\新媒体运营\视频与播客\video-caption_SKILL.md","新媒体运营｜video caption","f21ece0626345907ba25d2760cab52dc200b00f7"
"新媒体运营","workflow-document","新媒体运营\视频与播客\youtube-clip_SKILL.md","content\新媒体运营\视频与播客\youtube-clip_SKILL.md","新媒体运营｜youtube clip","f21ece0626345907ba25d2760cab52dc200b00f7"
"新媒体运营","workflow-document","新媒体运营\视频与播客\youtube-title_SKILL.md","content\新媒体运营\视频与播客\youtube-title_SKILL.md","新媒体运营｜youtube title","f21ece0626345907ba25d2760cab52dc200b00f7"
"新媒体运营","workflow-document","新媒体运营\文案与写作\anti-ai-writing_SKILL.md","content\新媒体运营\文案与写作\anti-ai-writing_SKILL.md","新媒体运营｜anti ai writing","f21ece0626345907ba25d2760cab52dc200b00f7"
"新媒体运营","workflow-document","新媒体运营\文案与写作\cold-open_SKILL.md","content\新媒体运营\文案与写作\cold-open_SKILL.md","新媒体运营｜cold open","f21ece0626345907ba25d2760cab52dc200b00f7"
"新媒体运营","workflow-document","新媒体运营\文案与写作\content-creation-official_SKILL.md","content\新媒体运营\文案与写作\content-creation-official_SKILL.md","新媒体运营｜content creation official","f21ece0626345907ba25d2760cab52dc200b00f7"
"新媒体运营","workflow-document","新媒体运营\文案与写作\content-humanizer_SKILL.md","content\新媒体运营\文案与写作\content-humanizer_SKILL.md","新媒体运营｜content humanizer","f21ece0626345907ba25d2760cab52dc200b00f7"
"新媒体运营","workflow-document","新媒体运营\文案与写作\copy-editing_SKILL.md","content\新媒体运营\文案与写作\copy-editing_SKILL.md","新媒体运营｜copy editing","f21ece0626345907ba25d2760cab52dc200b00f7"
"新媒体运营","workflow-document","新媒体运营\文案与写作\copy-frameworks.md","content\新媒体运营\文案与写作\copy-frameworks.md","新媒体运营｜copy frameworks","f21ece0626345907ba25d2760cab52dc200b00f7"
"新媒体运营","workflow-document","新媒体运营\文案与写作\copywriting_SKILL.md","content\新媒体运营\文案与写作\copywriting_SKILL.md","新媒体运营｜copywriting","f21ece0626345907ba25d2760cab52dc200b00f7"
"新媒体运营","workflow-document","新媒体运营\文案与写作\ghostwriter_SKILL.md","content\新媒体运营\文案与写作\ghostwriter_SKILL.md","新媒体运营｜ghostwriter","f21ece0626345907ba25d2760cab52dc200b00f7"
"新媒体运营","workflow-document","新媒体运营\文案与写作\headline-formulas.md","content\新媒体运营\文案与写作\headline-formulas.md","新媒体运营｜headline formulas","f21ece0626345907ba25d2760cab52dc200b00f7"
"新媒体运营","workflow-document","新媒体运营\文案与写作\hook-headline_SKILL.md","content\新媒体运营\文案与写作\hook-headline_SKILL.md","新媒体运营｜hook headline","f21ece0626345907ba25d2760cab52dc200b00f7"
"新媒体运营","workflow-document","新媒体运营\文案与写作\marketing-psychology_SKILL.md","content\新媒体运营\文案与写作\marketing-psychology_SKILL.md","新媒体运营｜marketing psychology","f21ece0626345907ba25d2760cab52dc200b00f7"
"新媒体运营","workflow-document","新媒体运营\文案与写作\power-words.md","content\新媒体运营\文案与写作\power-words.md","新媒体运营｜power words","f21ece0626345907ba25d2760cab52dc200b00f7"
"新媒体运营","workflow-document","新媒体运营\文案与写作\voice-dna-creator_SKILL.md","content\新媒体运营\文案与写作\voice-dna-creator_SKILL.md","新媒体运营｜voice dna creator","f21ece0626345907ba25d2760cab52dc200b00f7"
"新媒体运营","workflow-document","新媒体运营\邮件营销\cold-email_SKILL.md","content\新媒体运营\邮件营销\cold-email_SKILL.md","新媒体运营｜cold email","f21ece0626345907ba25d2760cab52dc200b00f7"
"新媒体运营","workflow-document","新媒体运营\邮件营销\email-sequence_SKILL.md","content\新媒体运营\邮件营销\email-sequence_SKILL.md","新媒体运营｜email sequence","f21ece0626345907ba25d2760cab52dc200b00f7"
"新媒体运营","workflow-document","新媒体运营\邮件营销\email-types.md","content\新媒体运营\邮件营销\email-types.md","新媒体运营｜email types","f21ece0626345907ba25d2760cab52dc200b00f7"
"新媒体运营","workflow-document","新媒体运营\邮件营销\newsletter-reference_SKILL.md","content\新媒体运营\邮件营销\newsletter-reference_SKILL.md","新媒体运营｜newsletter reference","f21ece0626345907ba25d2760cab52dc200b00f7"
"新媒体运营","workflow-document","新媒体运营\邮件营销\sales-email-sequence_SKILL.md","content\新媒体运营\邮件营销\sales-email-sequence_SKILL.md","新媒体运营｜sales email sequence","f21ece0626345907ba25d2760cab52dc200b00f7"
"新媒体运营","workflow-document","新媒体运营\邮件营销\sequence-templates.md","content\新媒体运营\邮件营销\sequence-templates.md","新媒体运营｜sequence templates","f21ece0626345907ba25d2760cab52dc200b00f7"
"新媒体运营","workflow-document","新媒体运营\邮件营销\subject-lines.md","content\新媒体运营\邮件营销\subject-lines.md","新媒体运营｜subject lines","f21ece0626345907ba25d2760cab52dc200b00f7"
"行政文员","workflow-document","行政文员\data-analysis_SKILL.md","content\行政文员\data-analysis_SKILL.md","行政文员｜data analysis","f21ece0626345907ba25d2760cab52dc200b00f7"
"行政文员","workflow-document","行政文员\meeting-lecture-creator_SKILL.md","content\行政文员\meeting-lecture-creator_SKILL.md","行政文员｜meeting lecture creator","f21ece0626345907ba25d2760cab52dc200b00f7"
"行政文员","workflow-document","行政文员\meeting-workflow-quick-ref.md","content\行政文员\meeting-workflow-quick-ref.md","行政文员｜meeting workflow quick ref","f21ece0626345907ba25d2760cab52dc200b00f7"
"行政文员","workflow-document","行政文员\proofread_SKILL.md","content\行政文员\proofread_SKILL.md","行政文员｜proofread","f21ece0626345907ba25d2760cab52dc200b00f7"
"行政文员","workflow-document","行政文员\research-ideation_SKILL.md","content\行政文员\research-ideation_SKILL.md","行政文员｜research ideation","f21ece0626345907ba25d2760cab52dc200b00f7"
